"PersonID","FirstName","LastName","MiddleName","DateOfBirth","Suffix","Prefix","ActiveFlag","CreateDate","UpdateDate","CreatedBy","UpdatedBy","GenderID"
951632,Abigail,Abraham,L,"1942-10-18","","",Y,"2013-07-04 00:00:00","2013-07-09 00:00:00","100001","100001",1
951633,Alexandra,Allan,N,"1946-11-13","","",Y,"2020-12-08 00:00:00","2020-12-12 00:00:00","100001","100001",1
951634,Alison,Alsop,A,"1995-03-18","","",Y,"2015-09-03 00:00:00","2016-09-03 00:00:00","100001","100001",1
951635,Amanda,Anderson,S,"1988-05-18","","",Y,"2018-08-07 00:00:00","2018-08-07 00:00:00","100001","100001",1
951636,Amelia,Arnold,D,"1943-01-09","","",Y,"2020-05-03 00:00:00","2020-05-03 00:00:00","100001","100001",1
951637,Amy,Avery,F,"1980-08-23","","",Y,"2019-03-21 00:00:00","2019-03-21 00:00:00","100001","100001",1
951638,Andrea,Bailey,G,"1991-08-27","","",Y,"2012-06-12 00:00:00","2012-06-12 00:00:00","100001","100001",1
951639,Angela,Baker,T,"1985-12-26","","",Y,"2020-01-15 00:00:00","2020-01-15 00:00:00","100001","100001",1
951640,Anna,Ball,Y,"1974-10-31","","",Y,"2015-11-28 00:00:00","2015-11-28 00:00:00","100001","100001",1
951641,Anne,Bell,E,"1953-08-06","","",Y,"2018-09-05 00:00:00","2018-09-05 00:00:00","100001","100001",1
951642,Audrey,Berry,A,"1994-10-24","","",Y,"2020-11-27 00:00:00","2020-11-27 00:00:00","100001","100001",1
951643,Ava,Black,S,"1973-10-07","","",Y,"2015-01-13 00:00:00","2015-01-13 00:00:00","100001","100001",1
951644,Bella,Blake,D,"1993-12-17","","",Y,"2018-08-18 00:00:00","2018-08-18 00:00:00","100001","100001",1
951645,Bernadette,Bond,R,"1948-02-09","","",Y,"2016-08-27 00:00:00","2016-08-27 00:00:00","100001","100001",1
951646,Carol,Bower,T,"1940-03-15","","",Y,"2018-01-08 00:00:00","2018-01-08 00:00:00","100001","100001",1
951647,Caroline,Brown,B,"1956-01-07","","",Y,"2016-01-02 00:00:00","2017-01-02 00:00:00","100001","100001",1
951648,Carolyn,Buckland,N,"1942-04-15","","",Y,"2017-11-21 00:00:00","2017-11-21 00:00:00","100001","100001",1
951649,Chloe,Burgess,K,"1946-05-30","","",Y,"2019-09-11 00:00:00","2019-09-11 00:00:00","100001","100001",1
951650,Claire,Butler,L,"1973-03-03","","",N,"2019-01-09 00:00:00","2019-01-09 00:00:00","100001","100001",1
951651,Deirdre,Cameron,P,"1944-01-25","","",Y,"2018-02-14 00:00:00","2018-02-14 00:00:00","100001","100001",1
951652,Diana,Campbell,L,"1973-02-19","","",Y,"2018-01-23 00:00:00","2018-01-23 00:00:00","100001","100001",1
951653,Diane,Carr,N,"1992-05-09","","",Y,"2016-10-20 00:00:00","2016-10-20 00:00:00","100001","100001",1
951654,Donna,Chapman,A,"1945-11-18","","",Y,"2020-05-16 00:00:00","2020-05-16 00:00:00","100001","100001",1
951655,Dorothy,Churchill,S,"1962-08-16","","",Y,"2017-04-20 00:00:00","2017-04-20 00:00:00","100001","100001",1
951656,Elizabeth,Clark,D,"1992-01-15","","",Y,"2019-02-19 00:00:00","2019-02-19 00:00:00","100001","100001",1
951657,Ella,Clarkson,F,"1951-10-06","","",N,"2013-07-16 00:00:00","2013-07-16 00:00:00","100001","100001",1
951658,Emily,Coleman,G,"1943-12-03","","",Y,"2014-10-18 00:00:00","2014-10-18 00:00:00","100001","100001",1
951659,Emma,Cornish,T,"1980-03-18","","",Y,"2012-12-23 00:00:00","2012-12-23 00:00:00","100001","100001",1
951660,Faith,Davidson,Y,"1948-12-25","","",Y,"2014-05-08 00:00:00","2014-05-08 00:00:00","100001","100001",1
951661,Felicity,Davies,E,"1953-01-27","","",Y,"2020-08-06 00:00:00","2020-08-06 00:00:00","100001","100001",1
951662,Fiona,Dickens,A,"2003-04-25","","",Y,"2014-12-25 00:00:00","2014-12-25 00:00:00","100001","100001",1
951663,Gabrielle,Dowd,S,"1943-08-21","","",Y,"2020-09-05 00:00:00","2020-09-05 00:00:00","100001","100001",1
951664,Grace,Duncan,D,"1969-01-15","","",Y,"2012-03-13 00:00:00","2012-03-13 00:00:00","100001","100001",1
951665,Hannah,Dyer,R,"1965-04-07","","",Y,"2017-02-10 00:00:00","2017-02-10 00:00:00","100001","100001",1
951666,Heather,Edmunds,T,"1947-10-04","","",Y,"2013-09-23 00:00:00","2013-09-23 00:00:00","100001","100001",1
951667,Irene,Ellison,B,"1954-06-16","","",Y,"2020-11-27 00:00:00","2020-11-27 00:00:00","100001","100001",1
951668,Jan,Ferguson,N,"1980-05-31","","",Y,"2014-11-26 00:00:00","2014-11-26 00:00:00","100001","100001",1
951669,Jane,Fisher,K,"1999-11-15","","",Y,"2013-09-28 00:00:00","2013-09-28 00:00:00","100001","100001",1
951670,Jasmine,Forsyth,L,"1967-05-27","","",Y,"2013-05-24 00:00:00","2013-05-24 00:00:00","100001","100001",1
951671,Jennifer,Fraser,P,"1988-04-30","","",Y,"2020-12-14 00:00:00","2020-12-14 00:00:00","100001","100001",1
951672,Jessica,Gibson,L,"1998-09-04","","",Y,"2014-12-10 00:00:00","2014-12-10 00:00:00","100001","100001",1
951673,Joan,Gill,N,"1969-04-23","","",Y,"2013-12-23 00:00:00","2013-12-23 00:00:00","100001","100001",1
951674,Joanne,Glover,A,"1943-02-21","","",Y,"2014-11-25 00:00:00","2014-11-25 00:00:00","100001","100001",1
951675,Julia,Graham,S,"1994-04-21","","",Y,"2016-01-17 00:00:00","2016-01-17 00:00:00","100001","100001",1
951676,Karen,Grant,D,"1987-09-07","","",Y,"2019-03-07 00:00:00","2019-03-07 00:00:00","100001","100001",1
951677,Katherine,Gray,F,"1981-04-26","","",Y,"2014-10-03 00:00:00","2014-10-03 00:00:00","100001","100001",1
951678,Kimberly,Greene,G,"1995-05-29","","",Y,"2016-09-29 00:00:00","2016-09-29 00:00:00","100001","100001",1
951679,Kylie,Hamilton,T,"1942-03-29","","",Y,"2014-05-14 00:00:00","2014-05-14 00:00:00","100001","100001",1
951680,Lauren,Hardacre,Y,"1983-10-28","","",Y,"2015-08-17 00:00:00","2015-08-17 00:00:00","100001","100001",1
951681,Leah,Harris,E,"1972-12-20","","",Y,"2017-04-24 00:00:00","2017-04-24 00:00:00","100001","100001",1
951682,Lillian,Hart,A,"1991-04-18","","",Y,"2012-01-11 00:00:00","2012-01-11 00:00:00","100001","100001",1
951683,Lily,Hemmings,S,"1977-01-24","","",Y,"2019-05-12 00:00:00","2019-05-12 00:00:00","100001","100001",1
951684,Lisa,Henderson,D,"1999-06-10","","",Y,"2017-01-15 00:00:00","2017-01-15 00:00:00","100001","100001",1
951685,Madeleine,Hill,R,"1943-04-16","","",Y,"2016-04-13 00:00:00","2016-04-13 00:00:00","100001","100001",1
951686,Maria,Hodges,T,"2000-09-02","","",Y,"2015-02-09 00:00:00","2015-02-09 00:00:00","100001","100001",1
951687,Mary,Howard,B,"1992-02-02","","",Y,"2015-06-04 00:00:00","2015-06-04 00:00:00","100001","100001",1
951688,Megan,Hudson,N,"1979-06-05","","",Y,"2019-01-28 00:00:00","2019-01-28 00:00:00","100001","100001",1
951689,Melanie,Hughes,K,"1976-01-04","","",Y,"2018-12-05 00:00:00","2018-12-05 00:00:00","100001","100001",1
951690,Michelle,Hunter,L,"1953-10-14","","",Y,"2012-07-09 00:00:00","2012-07-09 00:00:00","100001","100001",1
951691,Molly,Ince,P,"1987-12-16","","",Y,"2016-11-30 00:00:00","2016-11-30 00:00:00","100001","100001",1
951692,Natalie,Jackson,L,"1950-02-20","","",Y,"2016-11-13 00:00:00","2016-11-13 00:00:00","100001","100001",1
951693,Nicola,James,N,"1974-03-19","","",Y,"2019-03-18 00:00:00","2019-03-18 00:00:00","100001","100001",1
951694,Olivia,Johnston,A,"1952-10-17","","",Y,"2016-04-19 00:00:00","2016-04-19 00:00:00","100001","100001",1
951695,Penelope,Jones,S,"1962-08-06","","",Y,"2013-05-19 00:00:00","2013-05-19 00:00:00","100001","100001",1
951696,Pippa,Kelly,D,"1972-01-16","","",Y,"2017-07-04 00:00:00","2017-07-04 00:00:00","100001","100001",1
951697,Rachel,Kerr,F,"2005-07-23","","",Y,"2017-04-26 00:00:00","2017-04-26 00:00:00","100001","100001",1
951698,Rebecca,King,G,"1993-06-15","","",Y,"2018-11-15 00:00:00","2018-11-15 00:00:00","100001","100001",1
951699,Justin,Powell,T,"1988-03-06","","",Y,"2016-09-05 00:00:00","2016-09-05 00:00:00","100001","100001",2
951700,Keith,Pullman,Y,"1960-03-26","","",Y,"2020-11-14 00:00:00","2020-11-14 00:00:00","100001","100001",2
951701,Kevin,Quinn,E,"1992-11-12","","",Y,"2016-12-30 00:00:00","2016-12-30 00:00:00","100001","100001",2
951702,Leonard,Rampling,A,"1963-01-26","","",Y,"2014-10-09 00:00:00","2014-10-09 00:00:00","100001","100001",2
951703,Liam,Randall,S,"1942-08-23","","",Y,"2014-08-01 00:00:00","2014-08-01 00:00:00","100001","100001",2
951704,Lucas,Rees,D,"1993-09-24","","",Y,"2013-09-27 00:00:00","2013-09-27 00:00:00","100001","100001",2
951705,Luke,Reid,R,"1971-12-22","","",Y,"2013-12-13 00:00:00","2013-12-13 00:00:00","100001","100001",2
951706,Matt,Roberts,T,"1977-04-15","","",Y,"2018-10-06 00:00:00","2018-10-06 00:00:00","100001","100001",2
951707,Max,Robertson,B,"1967-07-11","","",Y,"2021-07-04 00:00:00","2021-07-04 00:00:00","100001","100001",2
951708,Michael,Ross,N,"1958-10-07","","",Y,"2014-02-24 00:00:00","2014-02-24 00:00:00","100001","100001",2
951709,Nathan,Russell,K,"2001-06-20","","",Y,"2016-06-12 00:00:00","2016-06-12 00:00:00","100001","100001",2
951710,Neil,McLean,L,"1944-03-30","","",Y,"2012-04-29 00:00:00","2012-04-29 00:00:00","100001","100001",2
951711,Nicholas,McGrath,P,"1951-12-11","","",Y,"2012-03-25 00:00:00","2012-03-25 00:00:00","100001","100001",2
951712,Oliver,Metcalfe,L,"1965-01-20","","",Y,"2019-03-23 00:00:00","2019-03-23 00:00:00","100001","100001",2
951713,Owen,Miller,N,"1982-08-15","","",Y,"2020-11-04 00:00:00","2020-11-04 00:00:00","100001","100001",2
951714,Paul,Mills,A,"1942-07-17","","",Y,"2017-06-06 00:00:00","2017-06-06 00:00:00","100001","100001",2
951715,Peter,Mitchell,S,"1974-05-23","","",Y,"2016-11-24 00:00:00","2016-11-24 00:00:00","100001","100001",2
951716,Phil,Morgan,D,"1952-04-14","","",Y,"2019-08-20 00:00:00","2019-08-20 00:00:00","100001","100001",2
951717,Piers,Morrison,F,"1946-02-15","","",Y,"2020-04-19 00:00:00","2020-04-19 00:00:00","100001","100001",2
951718,Richard,Murray,G,"1941-01-27","","",Y,"2018-12-12 00:00:00","2018-12-12 00:00:00","100001","100001",2
951719,Robert,Nash,T,"1971-01-10","","",Y,"2015-08-01 00:00:00","2015-08-01 00:00:00","100001","100001",2
951720,Ryan,Newman,Y,"2000-01-08","","",Y,"2014-01-23 00:00:00","2014-01-23 00:00:00","100001","100001",2
951721,Sam,Nolan,E,"1968-01-06","","",Y,"2020-12-03 00:00:00","2020-12-03 00:00:00","100001","100001",2
951722,Sean,North,A,"2004-09-24","","",Y,"2016-09-11 00:00:00","2016-09-11 00:00:00","100001","100001",2
951723,Sebastian,Ogden,S,"1991-12-12","","",Y,"2017-11-27 00:00:00","2017-11-27 00:00:00","100001","100001",2
951724,Simon,Oliver,D,"1961-05-21","","",Y,"2021-02-16 00:00:00","2021-02-16 00:00:00","100001","100001",2
951725,Stephen,Paige,R,"1943-03-11","","",Y,"2014-01-09 00:00:00","2014-01-09 00:00:00","100001","100001",2
951726,Steven,Parr,T,"1986-03-13","","",Y,"2020-04-04 00:00:00","2020-04-04 00:00:00","100001","100001",2
951727,Stewart,Parsons,B,"1942-01-15","","",Y,"2016-05-30 00:00:00","2016-05-30 00:00:00","100001","100001",2
951728,Thomas,Paterson,N,"1991-06-24","","",Y,"2015-03-24 00:00:00","2015-03-24 00:00:00","100001","100001",2
951729,Tim,Payne,K,"1978-02-13","","",Y,"2019-05-01 00:00:00","2019-05-01 00:00:00","100001","100001",2
951730,Trevor,Peake,L,"1942-05-25","","",Y,"2014-02-12 00:00:00","2014-02-12 00:00:00","100001","100001",2
951731,Victor,Peters,P,"1976-10-08","","",Y,"2017-03-23 00:00:00","2017-03-23 00:00:00","100001","100001",2
951732,Warren,Piper,B,"1997-08-23","","",Y,"2014-02-16 00:00:00","2014-02-16 00:00:00","100001","100001",2
951733,William,Poole,N,"2002-05-23","","",Y,"2012-05-02 00:00:00","2012-05-02 00:00:00","100001","100001",2
